{"cameraMode":{"drawMode":0,"name":"Shaded","section":"Shading Mode"},"sceneLighting":false,"audioPlay":false,"sceneViewState":{"m_AlwaysRefresh":false,"showFog":true,"showSkybox":false,"showFlares":true,"showImageEffects":true,"showParticleSystems":true,"showVisualEffectGraphs":true,"m_FxEnabled":true},"in2DMode":false,"pivot":{"x":-303.13934326171877,"y":-14.410000801086426,"z":-93.21843719482422},"rotation":{"x":0.0028345633763819935,"y":0.9860403537750244,"z":0.016863565891981126,"w":-0.16573068499565125},"size":0.8660253882408142,"orthographic":false}